{
  "students": [],
  "attendance": [],
  "classes": [
    {
      "id": "c1",
      "name": "1st Sem"
    },
    {
      "id": "c2",
      "name": "2nd Sem"
    },
    {
      "id": "c3",
      "name": "3rd Sem"
    },
    {
      "id": "c4",
      "name": "4th Sem"
    },
    {
      "id": "c5",
      "name": "5th Sem"
    },
    {
      "id": "c6",
      "name": "6th Sem"
    },
    {
      "id": "c7",
      "name": "7th Sem"
    },
    {
      "id": "c8",
      "name": "8th Sem"
    }
  ],
  "subjects": [
    {
      "id": "sub1",
      "name": "Mathematics"
    },
    {
      "id": "sub2",
      "name": "Science"
    },
    {
      "id": "sub3",
      "name": "History"
    }
  ]
}