{
  "placeholderImages": [
    {
      "id": "1",
      "description": "A group of diverse students in a classroom setting.",
      "imageUrl": "https://images.unsplash.com/photo-1509062522246-3755977927d7?crop=entropy&cs=tinysrgb&fit=max&fm=jpg&ixid=M3w3NDE5ODJ8MHwxfHNlYXJjaHwxfHxzdHVkZW50cyUyMGNsYXNzcm9vbXxlbnwwfHx8fDE3NTkxNjA2OTR8MA&ixlib=rb-4.1.0&q=80&w=1080",
      "imageHint": "students classroom"
    },
    {
      "id": "2",
      "description": "A teacher checking off names on a clipboard.",
      "imageUrl": "https://images.unsplash.com/photo-1571260898926-797b5e43a41b?crop=entropy&cs=tinysrgb&fit=max&fm=jpg&ixid=M3w3NDE5ODJ8MHwxfHNlYXJjaHwxfHxhdHRlbmRhbmNlJTIwY2hlY2tsaXN0fGVufDB8fHx8MTc1OTU4NjYyNnww&ixlib=rb-4.1.0&q=80&w=1080",
      "imageHint": "attendance checklist"
    },
    {
      "id": "3",
      "description": "A percentage symbol with a background of charts and graphs.",
      "imageUrl": "https://images.unsplash.com/photo-1551288049-bebda4e38f71?crop=entropy&cs=tinysrgb&fit=max&fm=jpg&ixid=M3w3NDE5ODJ8MHwxfHNlYXJjaHwxMHx8YW5hbHl0aWNzJTIwY2hhcnR8ZW58MHx8fHwxNzU5MTUxMjAwfDA&ixlib=rb-4.1.0&q=80&w=1080",
      "imageHint": "analytics chart"
    },
    {
      "id": "4",
      "description": "An abstract image representing data being uploaded to the cloud.",
      "imageUrl": "https://images.unsplash.com/photo-1740908900846-4bbd4f22c975?crop=entropy&cs=tinysrgb&fit=max&fm=jpg&ixid=M3w3NDE5ODJ8MHwxfHNlYXJjaHwzfHxkYXRhJTIwdXBsb2FkfGVufDB8fHx8MTc1OTIyOTI4Mnww&ixlib=rb-4.1.0&q=80&w=1080",
      "imageHint": "data upload"
    },
    {
      "id": "5",
      "description": "An abstract image representing data being downloaded from the cloud.",
      "imageUrl": "https://images.unsplash.com/photo-1675627453084-505806a00406?crop=entropy&cs=tinysrgb&fit=max&fm=jpg&ixid=M3w3NDE5ODJ8MHwxfHNlYXJjaHw3fHxkYXRhJTIwZG93bmxvYWR8ZW58MHx8fHwxNzU5MjM0Mjk2fDA&ixlib=rb-4.1.0&q=80&w=1080",
      "imageHint": "data download"
    }
  ]
}